,win,loss,continue
return_side|BH|dir=1,0.09090909090909091,0.36363636363636365,0.5454545454545454
return_side|BH|dir=2,0.0,0.16129032258064516,0.8387096774193549
return_side|BH|dir=3,0.027777777777777776,0.3333333333333333,0.6388888888888888
return_side|DROP_SHOT|dir=1,0.0,0.3333333333333333,0.6666666666666666
return_side|DROP_SHOT|dir=3,0.2,0.2,0.6
return_side|FH|dir=1,0.034482758620689655,0.13793103448275862,0.8275862068965517
return_side|FH|dir=2,0.10526315789473684,0.21052631578947367,0.6842105263157895
return_side|FH|dir=3,0.0,0.20689655172413793,0.7931034482758621
return_side|SERVE|dir=4,0.012987012987012988,0.2727272727272727,0.7142857142857143
return_side|SERVE|dir=5,0.0,0.2777777777777778,0.7222222222222222
return_side|SERVE|dir=6,0.011764705882352941,0.3411764705882353,0.6470588235294118
return_side|SLICE|dir=1,0.0,0.0,1.0
return_side|SLICE|dir=2,0.25,0.125,0.625
return_side|SLICE|dir=3,0.3333333333333333,0.1111111111111111,0.5555555555555556
return_side|SMASH|dir=1,0.0,0.0,1.0
return_side|VOLLEY|dir=1,0.25,0.25,0.5
return_side|VOLLEY|dir=2,0.0,0.3333333333333333,0.6666666666666666
serve_side|BH|dir=1,0.2857142857142857,0.14285714285714285,0.5714285714285714
serve_side|BH|dir=2,0.16216216216216217,0.10810810810810811,0.7297297297297297
serve_side|BH|dir=3,0.11320754716981132,0.18867924528301888,0.6981132075471698
serve_side|BOS|dir=0,0.11351351351351352,0.0,0.8864864864864865
serve_side|DROP_SHOT|dir=3,0.0,0.5,0.5
serve_side|FH|dir=1,0.07142857142857142,0.2857142857142857,0.6428571428571429
serve_side|FH|dir=2,0.1,0.16666666666666666,0.7333333333333333
serve_side|FH|dir=3,0.13043478260869565,0.30434782608695654,0.5652173913043478
serve_side|LOB|dir=1,0.0,0.0,1.0
serve_side|LOB|dir=2,1.0,0.0,0.0
serve_side|LOB|dir=3,1.0,0.0,0.0
serve_side|SERVE|dir=4,0.0,0.0,1.0
serve_side|SERVE|dir=5,0.0,0.0,1.0
serve_side|SERVE|dir=6,0.02631578947368421,0.0,0.9736842105263158
serve_side|SLICE|dir=1,0.375,0.25,0.375
serve_side|SLICE|dir=2,0.2692307692307692,0.11538461538461539,0.6153846153846154
serve_side|SLICE|dir=3,0.22727272727272727,0.09090909090909091,0.6818181818181818
serve_side|VOLLEY|dir=1,1.0,0.0,0.0
